TYPE,CLIENT,YEAR,MAKE,MODEL,COLOR,TAG,VIN,STREET,CITY,ZIP,GPS,SPOTTER,DRIVER,NOTES,STATUS
DRN,Ford Motor Credit,2012,Toyota,Corolla,Blue,TX-WJU-7689,HJCCW8HGSJ1603K3G,6786 Elm St,Arlington,76414,"32.780043, -96.833684",,Emily Rodriguez,"Coords 32.780043, -96.833684",Towed
DRN,Ford Motor Credit,2022,Toyota,Camry,Silver,AZ-OCV4475,BDYSJPEPPRYKAUKJT,1901 Main Ave,Mesa,85031,"33.425385, -111.924049",Michael Johnson,Michael Rodriguez,,Located
IMP,US Bank,2016,Ford,F-150,Black,MD-6QS2786,59RCW6BD724G85EFX,2530 Oak Ave,Towson,21282,"39.29862, -76.587073",,William Lee,"Coords 39.29862, -76.587073",Towed
BLOCKED,Navy Federal CU,2020,Ford,Escape,Silver,GA-UUY4522,45R3Y623GX4XT0K7E,1498 Oak Blvd,Atlanta,30051,"33.836147, -84.406838",Maria Moore,Michael Rodriguez,,Blocked
GPS,Regions Bank,2020,Ford,Escape,Blue,MD-XBJ714,WZG9PK7RGZ0HUR4BU,3055 Elm Rd,Baltimore,21944,"39.244567, -76.708718",,John Anderson,"Coords 39.244567, -76.708718",Dispatched
GPS,Capital One,2014,Toyota,Camry,Red,GA-OKF7062,WXFDKLDFU54853UP9,5755 Walnut St,Atlanta,30147,"33.819554, -84.351716",,Sophia Rodriguez,,Blocked
GPS,Hyundai Capital,2015,Honda,Civic,Gray,AZ-YIJ6375,HA84MJ1R9ZE2C4B6E,9533 Walnut Blvd,Glendale,86454,"33.52405, -112.09867",Michael Johnson,Emily Rodriguez,,Located
DRN,Navy Federal CU,2024,Ford,F-150,Blue,AZ-NSM9584,F2WYRYLE9H9NZZKSG,4293 Maple Ave,Mesa,86234,"33.353504, -111.934297",Mia Garcia,Michael Rodriguez,,Located
IMP,GM Financial,2024,Toyota,Corolla,Blue,GA-UKE8205,E75WUDZ9EW65CD0VE,9833 Park Blvd,Atlanta,30238,"33.795082, -84.261442",,James Brown,"Coords 33.795082, -84.261442",Stashed
DRN,Santander Consumer,2024,Toyota,Corolla,Blue,MD-6WC9266,MCS55L00V13YDYEYG,6433 Elm Rd,Towson,21742,"39.341798, -76.507474",Daniel Lee,Olivia Brown,"Coords 39.341798, -76.507474",Towed
DRN,US Bank,2013,Hyundai,Elantra,Blue,TX-ETW-2388,W1YJF490B0WMPY8NR,2638 Oak Rd,Plano,76730,"32.892792, -96.812462",,,,Located
MI,Hyundai Capital,2017,Jeep,Grand Cherokee,Green,MD-YTZ269,5C30S5V5RSW7N056V,8339 Park Blvd,Glen Burnie,21990,"39.210791, -76.668063",David Lee,Michael Rodriguez,"Coords 39.210791, -76.668063",Towed
BLOCKED,BB&T Auto,2022,Honda,Civic,Gray,AZ-JCY3626,U59K4FR5ZB3D290S1,6242 Maple St,Phoenix,85653,"33.625789, -111.906288",Mia Anderson,,"Coords 33.625789, -111.906288",Blocked
MI,American Credit Acceptance,2012,Ford,F-150,Silver,TX-CAI-4533,K4HVSWHDS36EH8B9S,4872 Walnut St,Plano,76260,"32.77526, -96.791681",Sophia Wilson,,,Blocked
BLOCKED,Toyota Financial,2017,Honda,Accord,Black,MD-BUM482,TBZEZSGYJCZYM67MJ,7598 Main Rd,Baltimore,21207,"39.188323, -76.668111",,Sophia Rodriguez,,Blocked
IMP,Ford Motor Credit,2018,Honda,Accord,Green,AZ-JLY1783,YUH04251YM880UF4F,9970 Pine Rd,Scottsdale,85658,"33.335909, -112.085228",William Rodriguez,Sarah Rodriguez,,Located
IMP,Ally Financial,2023,Ford,Escape,Gray,GA-TNI1939,E209LBK5CJES001CK,6177 Cedar Blvd,Sandy Springs,30392,"33.669221, -84.465576",,Olivia Brown,,Dispatched
GPS,Bank of America,2016,Jeep,Grand Cherokee,White,AZ-RDI5264,5PV8NHJE5M5FXZEVW,2952 Cedar Ave,Mesa,85249,"33.644796, -111.922777",,Sarah Johnson,,Blocked
DRN,GM Financial,2017,Honda,Civic,Blue,GA-CJM8842,33EJXE56ZJMJ49DHK,2797 Pine Rd,Roswell,30365,"33.706368, -84.263129",David Thomas,Sophia Rodriguez,,Towed
DRN,Ford Motor Credit,2016,Toyota,Camry,White,AZ-QUF3526,LYCBFCTP3B8VW7S2W,1295 Main Ave,Scottsdale,85901,"33.445468, -112.037445",Michael Thomas,,,Located
IMP,BB&T Auto,2023,Hyundai,Elantra,Silver,TX-KHO-3007,U5SKGDV13SLXXNL89,8271 Elm Blvd,Arlington,75048,"32.704313, -96.85023",Daniel Anderson,John Anderson,,Located
GPS,Wells Fargo,2021,Nissan,Altima,Silver,TX-JRA-2761,4JT020C2DN0VE195U,2046 Pine St,Garland,75807,"32.780764, -96.65436",,Olivia Brown,,Located
IMP,Toyota Financial,2015,Ford,F-150,Blue,AZ-WKZ8761,6K9JXXL2WY998W7B0,1895 Walnut Rd,Glendale,86632,"33.614568, -111.894765",John Smith,Sarah Rodriguez,"Coords 33.614568, -111.894765",Towed
BLOCKED,GM Financial,2022,Chevrolet,Malibu,Green,GA-FQU7229,KSCHNB5X3K3P397DJ,3497 Park Rd,Decatur,30341,"33.769593, -84.405794",,,"Coords 33.769593, -84.405794",Blocked
DRN,BB&T Auto,2017,Honda,Accord,Blue,GA-RJH5876,VP8X7ZUVH12ZKVCVF,7347 Elm Blvd,Roswell,30111,"33.700517, -84.365356",,Olivia Brown,"Coords 33.700517, -84.365356",Towed
MI,GM Financial,2013,Ford,F-150,Blue,AZ-UHB2641,3Y7GJAL377NVXVDFR,711 Pine Blvd,Tempe,86807,"33.593162, -111.873127",James Anderson,Sarah Rodriguez,,Located
GPS,Fifth Third Bank,2014,Toyota,Corolla,Red,GA-KJO9901,8J96UNHYL6TMAYVNM,6743 Walnut Rd,Decatur,30046,"33.750208, -84.476154",Olivia Thomas,Maria Thomas,"Coords 33.750208, -84.476154",Located
IMP,PNC Bank,2015,Hyundai,Elantra,Black,GA-JSX1187,T0SDH6WL29WHV0RRJ,2609 Chestnut Rd,Sandy Springs,30214,"33.825485, -84.271801",,Olivia Brown,"Coords 33.825485, -84.271801",Located
GPS,Hyundai Capital,2022,Nissan,Altima,Green,TX-CSD-2011,9NKLX5HP8F95D6J93,9339 Main Blvd,Arlington,76378,"32.897867, -96.741318",,Olivia Brown,,Towed
GPS,Chase Bank,2015,Subaru,Outback,Blue,MD-CPB393,3MJ301511FJZHM2JR,472 Elm Blvd,Baltimore,21690,"39.316628, -76.620933",Ava Garcia,John Anderson,,Dispatched
DRN,US Bank,2019,Nissan,Altima,Silver,TX-ZVN-1256,SPEGC5DSC25RPDJ9V,9538 Cedar Rd,Plano,75486,"32.761476, -96.932724",William Garcia,,"Coords 32.761476, -96.932724",Located
BLOCKED,Wells Fargo,2016,Kia,Sorento,Silver,TX-RPB-6642,1X33KW1M7SRWK6D33,8783 Pine Blvd,Garland,75498,"32.748849, -96.871013",,,,Blocked
GPS,Santander Consumer,2013,Hyundai,Elantra,Blue,GA-CGZ4555,7PYWAPNH7SP2SXV16,5986 Elm Rd,Decatur,30186,"33.778204, -84.375681",James Thomas,Michael Rodriguez,,Located
IMP,Regions Bank,2015,Hyundai,Elantra,Silver,GA-AIR7841,VKNYR1S8YT886LZLJ,8100 Pine St,Decatur,30270,"33.658456, -84.288326",Mia Johnson,James Brown,"Coords 33.658456, -84.288326",Located
GPS,TD Auto Finance,2018,Honda,Civic,White,MD-8VP1257,A3ABUVB94MGGKSNTZ,6602 Oak Rd,Columbia,21983,"39.257145, -76.59135",,Sarah Johnson,"Coords 39.257145, -76.59135",Blocked
GPS,Chase Bank,2022,Chevrolet,Malibu,Green,TX-BUA-3807,F84YGCRP7UCEUCMXB,9717 Pine Blvd,Plano,76903,"32.700773, -96.926391",,Michael Rodriguez,,Located
MI,SunTrust Auto,2020,Jeep,Grand Cherokee,Silver,GA-BDN4803,EY2XBU58RZ14M1FVS,1444 Elm Ave,Atlanta,30196,"33.827919, -84.341525",,,"Coords 33.827919, -84.341525",Stashed
DRN,Capital One,2013,Hyundai,Elantra,Black,AZ-ECF8061,593GBFZFX1AV31FSL,2877 Pine Rd,Scottsdale,85617,"33.393942, -112.148923",William Brown,John Anderson,,Towed
DRN,Chase Bank,2016,Kia,Sorento,Gray,AZ-TTG8501,GJWA2Y1Y5Y4JWXN7X,6624 Cedar Rd,Mesa,86506,"33.543235, -112.028147",,Emily Rodriguez,,Located
DRN,SunTrust Auto,2018,Hyundai,Elantra,Silver,TX-VYR-1440,6P5VE38JWSTK41E57,6666 Park Blvd,Garland,76114,"32.689927, -96.660419",Sarah Thomas,James Brown,"Coords 32.689927, -96.660419",Located
MI,BB&T Auto,2024,Toyota,Camry,White,MD-KZN208,AGTR9R50269KZB7GV,1506 Oak Ave,Glen Burnie,21357,"39.239259, -76.61438",,James Brown,,Stashed
IMP,Navy Federal CU,2019,Hyundai,Elantra,Black,GA-AKU2791,LSMLY46R2MM42BN54,172 Maple Ave,Sandy Springs,30144,"33.838081, -84.297818",Michael Smith,William Lee,,Dispatched
MI,Regions Bank,2014,Honda,Accord,Silver,MD-UKT497,2HZZ6MWFJXHSWHM0K,6464 Walnut Ave,Towson,21589,"39.252905, -76.670992",,William Lee,"Coords 39.252905, -76.670992",Towed
MI,Fifth Third Bank,2014,Honda,Accord,Gray,TX-LAP-3236,N19838358LFBRVCUR,4829 Pine Blvd,Garland,76159,"32.88048, -96.727247",Mia Wilson,John Anderson,,Located
DRN,Ford Motor Credit,2013,Ford,Escape,Silver,MD-NDX949,SWC5TZF5HSPZ4LJPP,9440 Cedar Rd,Baltimore,21612,"39.282366, -76.642033",,Sarah Rodriguez,"Coords 39.282366, -76.642033",Towed
GPS,Toyota Financial,2016,Ford,Escape,Green,AZ-WEH3396,XS28KU315EF29U068,9634 Main St,Glendale,86497,"33.640253, -111.977806",John Brown,Michael Rodriguez,"Coords 33.640253, -111.977806",Located
MI,Citizens Bank,2018,Honda,Accord,White,MD-ESP907,YDCG6BHL56A4NJWLU,6005 Elm St,Baltimore,21381,"39.306257, -76.573729",,Maria Thomas,,Towed
IMP,TD Auto Finance,2023,Subaru,Outback,Green,AZ-GPC3174,R5AAYH4J7ER1FGGX0,2346 Walnut Ave,Glendale,86314,"33.647529, -112.150001",Ava Garcia,William Lee,,Stashed
DRN,Navy Federal CU,2022,Ford,Escape,White,MD-TVO980,PFGJH1Z4XJSUFSVBW,8582 Broadway Ave,Annapolis,21766,"39.254433, -76.574304",James Moore,Emily Rodriguez,"Coords 39.254433, -76.574304",Blocked
IMP,TD Auto Finance,2018,Toyota,Corolla,Black,TX-LKE-7337,30M7EBEATPCD29V93,6690 Oak Ave,Arlington,75569,"32.702571, -96.953923",Maria Anderson,James Brown,"Coords 32.702571, -96.953923",Stashed
GPS,GM Financial,2017,Honda,Accord,Gray,TX-BHC-8118,H6DWMHAJAL8ZTL0JU,580 Cedar Blvd,Dallas,75558,"32.821441, -96.893227",Robert Moore,,"Coords 32.821441, -96.893227",Located
GPS,BB&T Auto,2019,Toyota,Corolla,Blue,MD-2SV2889,R9ACASC701KMC3RXS,5341 Elm St,Glen Burnie,21586,"39.250834, -76.604571",David Martinez,James Brown,"Coords 39.250834, -76.604571",Towed
IMP,Wells Fargo,2024,Nissan,Altima,Blue,TX-KCR-8483,A0NVWS608NSKA3BRZ,5588 Main Blvd,Dallas,76739,"32.879282, -96.878521",,Olivia Brown,,Located
DRN,US Bank,2019,Kia,Sorento,Black,TX-WLO-2391,G9J2ED4JSVTX2XX5U,1323 Maple Ave,Plano,76598,"32.88794, -96.944039",,Sarah Rodriguez,,Located
BLOCKED,Bank of America,2017,Toyota,Corolla,Gray,GA-IDC3582,WCPXKFSZ29DWTMB25,9113 Maple St,Decatur,30238,"33.675477, -84.301548",,Emily Rodriguez,,Blocked
DRN,SunTrust Auto,2014,Nissan,Altima,White,MD-CAC302,5JFYHC6DL428B14MZ,3166 Elm Rd,Annapolis,21457,"39.347851, -76.702724",,,"Coords 39.347851, -76.702724",Stashed
BLOCKED,Citizens Bank,2016,Jeep,Grand Cherokee,Gray,TX-ENG-9614,SB1Z78Z9X1UMBXRBU,7828 Park Rd,Dallas,76571,"32.837677, -96.903188",,Sarah Rodriguez,,Blocked
GPS,Ford Motor Credit,2015,Jeep,Grand Cherokee,Silver,TX-FFH-6210,ZBZKN8WM8CFDRRB7A,3400 Pine Rd,Irving,76469,"32.727914, -96.7152",,Emily Rodriguez,"Coords 32.727914, -96.7152",Blocked
GPS,US Bank,2014,Honda,Civic,Blue,MD-KJK239,L48XMZRM1WVJMA2CM,5313 Broadway Ave,Towson,21655,"39.287455, -76.513296",,John Anderson,,Towed
GPS,Ally Financial,2017,Nissan,Altima,Silver,MD-5GH2110,ZTGAD153L381Z1G7R,7493 Oak St,Annapolis,21302,"39.183815, -76.655163",,,,Blocked
BLOCKED,Chase Bank,2018,Ford,F-150,White,AZ-WAN3703,4LDGYPN3TVWSGD28K,6011 Main Blvd,Phoenix,85180,"33.403092, -111.968293",,John Anderson,"Coords 33.403092, -111.968293",Blocked
DRN,Ally Financial,2012,Toyota,Camry,White,TX-ZMP-9013,TF1M010M5CT56TRUD,1684 Oak Rd,Plano,76656,"32.826191, -96.659667",,Olivia Brown,,Located
IMP,Ford Motor Credit,2020,Kia,Sorento,Gray,MD-1QS9467,KH5MLPNJC4F4NKTXE,6458 Park Blvd,Baltimore,21566,"39.241964, -76.651998",Sophia Brown,Emily Rodriguez,,Towed
IMP,Toyota Financial,2021,Subaru,Outback,Blue,MD-SYD904,VZ3T187CMU2K2C2YS,7885 Elm Rd,Baltimore,21021,"39.244195, -76.543333",David Lee,Michael Rodriguez,,Located
MI,TD Auto Finance,2022,Subaru,Outback,Black,GA-XNT2462,N5P380D9LEW92JBMN,1044 Maple St,Marietta,30235,"33.66264, -84.409906",,,,Located
GPS,Bank of America,2020,Toyota,Corolla,Gray,AZ-FPS6730,ZLTFVB1DLPRRPU39B,7867 Pine Ave,Phoenix,86232,"33.580303, -112.12168",,John Anderson,"Coords 33.580303, -112.12168",Located
IMP,PNC Bank,2023,Subaru,Outback,Red,AZ-OJV9530,2GA90VWG7EYUXUTWN,8575 Maple St,Mesa,86650,"33.60006, -111.91649",Sophia Brown,John Anderson,,Dispatched
IMP,Capital One,2014,Jeep,Grand Cherokee,Red,AZ-XBS4111,YR7Z9WLMVG7JTMYFR,3759 Elm Blvd,Glendale,86615,"33.610395, -112.069911",,Maria Thomas,,Located
BLOCKED,GM Financial,2019,Toyota,Camry,Black,GA-VMQ5888,3DKJNY36KXMF8YMXD,7506 Elm Ave,Atlanta,30391,"33.843386, -84.35593",Sophia Johnson,William Lee,,Blocked
IMP,Citizens Bank,2021,Ford,F-150,Gray,MD-XLA429,NBASRZWJG19WLECWV,8624 Broadway Rd,Glen Burnie,21445,"39.348715, -76.500951",Robert Smith,Olivia Brown,,Dispatched
IMP,Ally Financial,2024,Hyundai,Elantra,White,GA-GXA9267,LH0C1TDDGBDH351HT,2608 Maple St,Sandy Springs,30156,"33.755218, -84.474755",Sarah Moore,Emily Rodriguez,,Located
GPS,Hyundai Capital,2013,Kia,Sorento,Blue,TX-GTG-5308,NZ3VLC8P7YSAAFH8K,8483 Oak St,Dallas,76853,"32.749091, -96.903717",,William Lee,"Coords 32.749091, -96.903717",Located
MI,Bank of America,2019,Chevrolet,Malibu,Black,AZ-NXD2556,CAJLYZ5UF0YMH226U,7935 Walnut Ave,Scottsdale,85232,"33.346379, -111.945756",,Maria Thomas,"Coords 33.346379, -111.945756",Located
BLOCKED,American Credit Acceptance,2018,Toyota,Camry,Blue,TX-YLT-1472,J78H35CETXARYG4S7,6405 Pine St,Irving,75024,"32.853718, -96.928214",,Olivia Brown,"Coords 32.853718, -96.928214",Blocked
DRN,American Credit Acceptance,2013,Ford,F-150,Green,GA-RUM7607,SF655F85XH8BG23CA,9999 Broadway Rd,Atlanta,30262,"33.790583, -84.336351",Michael Smith,John Anderson,,Located
IMP,TD Auto Finance,2012,Hyundai,Elantra,Green,AZ-WVL8414,HGRAYZV0GCL8J3GTN,2078 Walnut Ave,Mesa,85937,"33.588594, -112.133297",,Sophia Rodriguez,,Dispatched
GPS,GM Financial,2022,Honda,Civic,Green,GA-PAQ1795,479MMJG1X913SU2YV,2285 Pine Blvd,Sandy Springs,30310,"33.825004, -84.312893",Sophia Rodriguez,Olivia Brown,,Other
MI,Santander Consumer,2023,Subaru,Outback,Blue,AZ-VEW3913,9XHZ73V4AGB1KDDNU,4795 Elm Ave,Mesa,86720,"33.321711, -111.925475",,James Brown,,Located
BLOCKED,Hyundai Capital,2019,Hyundai,Elantra,Black,MD-5WV1769,113XDATN5R0NNV5ME,2947 Park St,Annapolis,21387,"39.187721, -76.651386",,,,Blocked
IMP,Regions Bank,2016,Ford,Escape,Black,TX-TBY-5934,8ZEXRME9L32FZRPYY,4909 Maple Blvd,Irving,76150,"32.902396, -96.656226",,Sarah Johnson,,Blocked
BLOCKED,Hyundai Capital,2015,Toyota,Corolla,Red,AZ-ZDM5203,VB09958CVNX9FGLAE,3592 Walnut St,Mesa,85422,"33.488214, -111.95404",,Sarah Rodriguez,"Coords 33.488214, -111.95404",Blocked
GPS,US Bank,2013,Jeep,Grand Cherokee,Red,GA-BFZ5127,ERT31524XB1HAECEZ,1838 Elm Rd,Decatur,30312,"33.671626, -84.308681",John Garcia,John Anderson,,Towed
BLOCKED,Ally Financial,2012,Jeep,Grand Cherokee,Gray,GA-UEJ7113,AKHCA2FWPZP39KLMR,4240 Maple St,Decatur,30094,"33.817744, -84.358177",,Sarah Johnson,,Blocked
GPS,Fifth Third Bank,2020,Jeep,Grand Cherokee,Black,GA-KLE4842,GVENX85YWK0X4LAXS,7245 Elm Rd,Marietta,30070,"33.819895, -84.417109",,William Lee,,Located
BLOCKED,American Credit Acceptance,2024,Hyundai,Elantra,Silver,GA-IER4218,TEEB9B2PCT7K02RVJ,8310 Park St,Sandy Springs,30205,"33.740966, -84.497352",James Thomas,Sarah Johnson,,Blocked
MI,Ally Financial,2014,Honda,Accord,Gray,TX-LBH-8989,RET0RCP0176CCXGUT,9018 Broadway Ave,Garland,75772,"32.856492, -96.859452",,James Brown,"Coords 32.856492, -96.859452",Towed
BLOCKED,TD Auto Finance,2016,Honda,Accord,Gray,MD-TAQ242,5LRE9UPKML0HR3YH7,7948 Maple Ave,Glen Burnie,21663,"39.338339, -76.705286",,John Anderson,,Blocked
BLOCKED,Wells Fargo,2022,Ford,F-150,Blue,TX-QMT-1305,VFP577LR3KM9TLY6E,6296 Walnut Ave,Plano,75223,"32.684472, -96.807505",David Brown,Sarah Rodriguez,"Coords 32.684472, -96.807505",Blocked
IMP,Ally Financial,2021,Ford,F-150,Black,GA-CPV3135,A430C4R71ZG4JT7RF,9902 Park Blvd,Roswell,30133,"33.697255, -84.322713",John Anderson,James Brown,"Coords 33.697255, -84.322713",Towed
DRN,Santander Consumer,2012,Honda,Accord,Gray,MD-IIR533,0U2P37M07TWZ2JHR5,1742 Maple Blvd,Annapolis,21805,"39.244303, -76.594379",,John Anderson,"Coords 39.244303, -76.594379",Dispatched
GPS,Capital One,2018,Ford,F-150,Red,MD-4LC1618,12VDM85ANVNC9RLC0,104 Pine St,Annapolis,21283,"39.328138, -76.635843",Olivia Davis,Olivia Brown,,Located
GPS,Chase Bank,2012,Honda,Accord,Red,TX-LIH-4187,62ATM39GE9VYH9TT5,9326 Chestnut Ave,Arlington,76552,"32.771708, -96.724052",,Maria Thomas,"Coords 32.771708, -96.724052",Towed
IMP,Chase Bank,2013,Toyota,Corolla,Silver,MD-NLQ648,ATSVF2YEM7XZPUMN8,3947 Maple Rd,Annapolis,21212,"39.223549, -76.534662",James Moore,Emily Rodriguez,"Coords 39.223549, -76.534662",Stashed
GPS,Bank of America,2024,Ford,F-150,Black,AZ-YRB8901,0X8U8M9U2RJD47C9Z,2963 Chestnut St,Scottsdale,86431,"33.481372, -112.089522",Sophia Thomas,,,Stashed
DRN,Regions Bank,2021,Kia,Sorento,Black,TX-HIP-6621,0M84P3002U5MJRGUS,7181 Walnut Ave,Garland,75299,"32.89601, -96.736281",,Maria Thomas,,Towed
BLOCKED,US Bank,2018,Ford,F-150,Gray,MD-1MD3676,DPT7G5YT00TZB3HZN,9535 Park Ave,Towson,21800,"39.234076, -76.641731",,,,Blocked
IMP,Fifth Third Bank,2018,Toyota,Camry,Blue,GA-NUT7631,EFLYRXXVU2U5053LM,2148 Maple Rd,Atlanta,30382,"33.825174, -84.479984",,Sarah Johnson,,Stashed
GPS,Ford Motor Credit,2013,Toyota,Camry,Gray,MD-3CU7387,WRSV5JJLBCZX76U5J,3000 Broadway Blvd,Towson,21647,"39.322293, -76.525768",Daniel Garcia,Michael Rodriguez,,Located
GPS,TD Auto Finance,2019,Hyundai,Elantra,Blue,AZ-EJA1001,JZV7A87WA4VRA0N34,4194 Pine Blvd,Scottsdale,86697,"33.432425, -112.107957",,Maria Thomas,,Towed
DRN,Hyundai Capital,2024,Honda,Accord,Green,TX-NGC-3988,JVH65U8NXBKDBMGVU,7283 Main Ave,Plano,75185,"32.720685, -96.817119",,,,Located
DRN,Wells Fargo,2017,Toyota,Corolla,Gray,AZ-CRP3975,NT1AHS15SCN6GP71W,2698 Main St,Glendale,85519,"33.46843, -112.095415",,Sarah Johnson,,Located
IMP,TD Auto Finance,2015,Jeep,Grand Cherokee,Black,MD-4AB8786,K0FSL8FYDDZKGJ8RX,5790 Chestnut Ave,Towson,21022,"39.310957, -76.634785",David Brown,Sarah Rodriguez,,Dispatched
DRN,Ford Motor Credit,2023,Toyota,Corolla,Gray,MD-KXO381,LEK5VT06A91MB0SXE,6448 Maple Blvd,Towson,21785,"39.284779, -76.581262",Sarah Thomas,Olivia Brown,,Towed
GPS,Chase Bank,2013,Toyota,Camry,Blue,AZ-DPG2617,C18TD0REAP8F6D030,4455 Park St,Phoenix,86504,"33.324636, -112.093633",Mia Smith,Sarah Johnson,"Coords 33.324636, -112.093633",Located
IMP,Ford Motor Credit,2023,Toyota,Camry,White,MD-FRX671,3GZ64GLM29YL5ZXX0,7154 Cedar Ave,Glen Burnie,21577,"39.283669, -76.631237",Daniel Rodriguez,Emily Rodriguez,,Located
GPS,SunTrust Auto,2019,Hyundai,Elantra,Gray,AZ-QEJ1107,WRPXBU9KGC6ZKJT0S,4298 Elm St,Mesa,86169,"33.439929, -111.878741",Michael Thomas,Sarah Rodriguez,"Coords 33.439929, -111.878741",Blocked
GPS,GM Financial,2014,Toyota,Corolla,Gray,AZ-CYB6478,Z43HRA1DWCXKX9RKD,7400 Broadway St,Scottsdale,85455,"33.451177, -111.924771",,Maria Thomas,,Towed
BLOCKED,Wells Fargo,2019,Toyota,Camry,Blue,AZ-YWE3209,7N82NSSEU4XFH340Z,5354 Cedar St,Mesa,86577,"33.406687, -111.854322",,Maria Thomas,"Coords 33.406687, -111.854322",Blocked
MI,Wells Fargo,2014,Ford,Escape,Gray,GA-DXB4982,KVAYHW57BYPPPT7KB,9651 Park St,Sandy Springs,30132,"33.69258, -84.428997",Emily Lee,,"Coords 33.69258, -84.428997",Located
GPS,Capital One,2019,Honda,Civic,Red,AZ-DAJ7332,R19GX8FMN96BCSWY8,2672 Main Rd,Scottsdale,86402,"33.42317, -111.981169",,Maria Thomas,,Dispatched
GPS,SunTrust Auto,2022,Honda,Civic,Silver,AZ-MVE2438,1R3SK4WY5JPJNJWJ4,9354 Pine Rd,Mesa,85139,"33.495069, -111.867989",,Maria Thomas,,Towed
IMP,Regions Bank,2023,Ford,F-150,Black,AZ-EYG2749,JMBURRRBZF7J970M1,7863 Pine Ave,Scottsdale,85396,"33.379196, -112.056994",,Maria Thomas,"Coords 33.379196, -112.056994",Dispatched
MI,Santander Consumer,2015,Kia,Sorento,Red,AZ-WKO5043,42C1X2CG56CS2C1DN,7301 Walnut Rd,Glendale,86585,"33.589667, -112.038528",,Sarah Johnson,,Located
IMP,Navy Federal CU,2020,Subaru,Outback,White,MD-WRE502,3X5BM6N6FTXLHFH50,8682 Walnut Ave,Baltimore,21388,"39.284566, -76.70078",Daniel Garcia,,,Located
MI,US Bank,2022,Ford,Escape,Green,AZ-NJJ8311,VMHJNATA688A8SP76,7339 Oak St,Scottsdale,85502,"33.608759, -112.10266",William Moore,Sarah Johnson,"Coords 33.608759, -112.10266",Located
DRN,Wells Fargo,2014,Honda,Civic,White,TX-KCB-2784,3MLVM60CFWX01E4EV,2304 Oak Rd,Arlington,75675,"32.822304, -96.806867",,Sarah Johnson,"Coords 32.822304, -96.806867",Located
GPS,Toyota Financial,2021,Toyota,Camry,Red,MD-6IQ6797,J888MRVNAHB6HP33C,5828 Park Ave,Columbia,21012,"39.301717, -76.565096",,James Brown,,Towed
DRN,Ford Motor Credit,2016,Chevrolet,Malibu,Blue,MD-1FG6415,Y77CJ7K6Y63DWXBPY,1184 Pine Rd,Columbia,21861,"39.185923, -76.50344",,Sarah Rodriguez,"Coords 39.185923, -76.50344",Other
BLOCKED,Ally Financial,2021,Ford,Escape,Gray,TX-INC-9143,S05WPWMH0CNF59B79,3216 Cedar Blvd,Plano,76501,"32.915947, -96.877582",Ava Martinez,Maria Thomas,,Blocked
GPS,Santander Consumer,2022,Honda,Accord,White,MD-1VT2426,Y6CGWBWPXNNVUX5HU,2680 Elm St,Annapolis,21016,"39.362077, -76.592479",Ava Anderson,Michael Rodriguez,,Towed
DRN,US Bank,2017,Honda,Accord,Silver,AZ-TKR8268,DJB7DG1DF42M5ZWYN,1386 Chestnut Ave,Tempe,85191,"33.584498, -111.878109",,Emily Rodriguez,,Towed
IMP,Navy Federal CU,2022,Chevrolet,Malibu,Red,GA-LMF6412,X68BE7HZ76LVZJ9G2,5439 Park St,Atlanta,30156,"33.783186, -84.399796",,Emily Rodriguez,,Located
GPS,SunTrust Auto,2014,Honda,Accord,Gray,TX-ZNS-6606,SME8H6XG5MW2EG1X8,1583 Maple Ave,Dallas,76818,"32.836807, -96.730854",,Emily Rodriguez,"Coords 32.836807, -96.730854",Dispatched
DRN,Ford Motor Credit,2014,Jeep,Grand Cherokee,Gray,TX-GVK-5910,W4ZFA92JVD0DAZHVB,7173 Broadway Blvd,Plano,76281,"32.765894, -96.853679",Olivia Wilson,James Brown,,Dispatched
MI,US Bank,2014,Jeep,Grand Cherokee,Gray,TX-EJV-3056,JAEBK84JFJ364M694,7473 Walnut Rd,Garland,75463,"32.730164, -96.780491",,Michael Rodriguez,,Towed
BLOCKED,Citizens Bank,2020,Subaru,Outback,Silver,TX-WLD-8889,FKU6FFS7EWDYA7697,5531 Walnut Rd,Garland,76968,"32.943995, -96.882776",,John Anderson,,Blocked
GPS,PNC Bank,2024,Subaru,Outback,Blue,AZ-VJZ1447,V8FJ9EUTJUUTAHMK5,2973 Elm Ave,Glendale,85994,"33.363283, -112.015414",Olivia Lee,Olivia Brown,,Stashed
IMP,US Bank,2021,Ford,F-150,Green,MD-XUF315,ZDTHDL627W7R117TK,7222 Main Rd,Towson,21950,"39.331489, -76.629779",William Davis,Michael Rodriguez,,Blocked
IMP,BB&T Auto,2020,Toyota,Camry,Red,MD-IUS500,6SNYMXAAEA3GG5ZRV,3263 Main St,Columbia,21635,"39.197469, -76.512914",,Maria Thomas,"Coords 39.197469, -76.512914",Towed
GPS,Bank of America,2022,Ford,Escape,Black,TX-DWF-5150,V6E6U4XTLEUD11YDT,3015 Chestnut St,Irving,76008,"32.944444, -96.913779",Robert Rodriguez,Sarah Johnson,,Towed
MI,Citizens Bank,2014,Toyota,Camry,Blue,GA-DBC2153,T5B8KAC1UKY2A9874,1248 Park Ave,Sandy Springs,30003,"33.746106, -84.327685",,William Lee,"Coords 33.746106, -84.327685",Towed
DRN,Regions Bank,2020,Ford,Escape,Silver,MD-6CO5750,NMC1NW1GZ8F5NJCNB,4007 Chestnut Blvd,Towson,21065,"39.33062, -76.574884",James Rodriguez,Sarah Rodriguez,,Dispatched
DRN,Wells Fargo,2012,Honda,Civic,Silver,GA-ZUV9570,6KRECK8B7CSJAMDWG,2896 Broadway St,Sandy Springs,30056,"33.678545, -84.351256",Robert Garcia,Sarah Rodriguez,"Coords 33.678545, -84.351256",Blocked
DRN,SunTrust Auto,2018,Nissan,Altima,Silver,MD-4YB3841,YEHUK3L0L5SCJG1LB,1422 Main St,Glen Burnie,21184,"39.355966, -76.561584",Olivia Anderson,,,Located
MI,American Credit Acceptance,2023,Kia,Sorento,Green,AZ-NHF1616,M8FWZ3ASNHG09R6PU,3273 Oak Ave,Phoenix,86404,"33.595324, -111.88098",,Sarah Johnson,,Located
DRN,BB&T Auto,2012,Jeep,Grand Cherokee,Black,TX-BDX-1859,MLB89HES5X3NXRHXR,3984 Walnut Ave,Dallas,75770,"32.920669, -96.955735",,Michael Rodriguez,,Located
IMP,Hyundai Capital,2014,Kia,Sorento,White,MD-ULI307,YJCDUJH663LYRVLLR,6845 Park Blvd,Baltimore,21883,"39.369176, -76.585768",,Michael Rodriguez,"Coords 39.369176, -76.585768",Located
MI,TD Auto Finance,2023,Honda,Civic,Gray,AZ-SAN1724,C79C427G58SFA3PJZ,4016 Oak St,Glendale,85983,"33.534162, -112.143369",Olivia Johnson,Michael Rodriguez,,Dispatched
IMP,US Bank,2019,Toyota,Corolla,Green,MD-CMW440,CV4UPFYD90DH106C0,2971 Park St,Columbia,21575,"39.314774, -76.66701",James Wilson,John Anderson,"Coords 39.314774, -76.66701",Located
BLOCKED,American Credit Acceptance,2013,Honda,Accord,Red,TX-KLI-9250,4UDE0Z589H7V50EN6,1413 Walnut Ave,Dallas,75591,"32.938729, -96.954607",William Moore,Emily Rodriguez,,Blocked
MI,US Bank,2014,Subaru,Outback,Gray,MD-7OX1351,VNEBRY3YX856WJWLT,8033 Cedar Rd,Annapolis,21789,"39.340648, -76.678849",Michael Davis,Sarah Rodriguez,,Towed
DRN,Ford Motor Credit,2014,Ford,Escape,Red,TX-FHD-1674,XJ5T0MPCXZK05LWHB,8282 Pine Blvd,Arlington,76901,"32.766459, -96.978583",Mia Moore,Sarah Johnson,"Coords 32.766459, -96.978583",Located
DRN,American Credit Acceptance,2023,Jeep,Grand Cherokee,Silver,AZ-KWD8847,CJHWB2R5ZFXDNRUNB,8921 Chestnut St,Phoenix,86999,"33.479126, -112.131942",,James Brown,,Blocked
IMP,US Bank,2017,Jeep,Grand Cherokee,Gray,MD-5OR2435,P535VL43JFKPW7YE1,208 Walnut Rd,Baltimore,21425,"39.21323, -76.612955",,Michael Rodriguez,,Dispatched
DRN,SunTrust Auto,2014,Nissan,Altima,Green,TX-PRX-8593,RBAKTW7HV3M8SBHU8,9912 Cedar Blvd,Dallas,76159,"32.797738, -96.894889",,Olivia Brown,"Coords 32.797738, -96.894889",Towed
GPS,GM Financial,2020,Hyundai,Elantra,Red,MD-3LF1866,U03ZDVVE9NMGLXXWU,1670 Park Rd,Columbia,21844,"39.207306, -76.681241",Olivia Smith,Sarah Johnson,,Located
MI,Bank of America,2017,Kia,Sorento,White,GA-NOC2909,JB7ZW0J5YMWBHRJKR,2153 Maple Ave,Roswell,30042,"33.756201, -84.309244",Sarah Johnson,Sophia Rodriguez,,Located
MI,Wells Fargo,2024,Toyota,Corolla,Gray,MD-5BC5942,AGHPNMZBFKUZZL9S9,1219 Oak St,Towson,21542,"39.22123, -76.669775",William Rodriguez,Sarah Rodriguez,,Located
IMP,Toyota Financial,2013,Subaru,Outback,White,MD-6MN4510,9R3HXH6HJ80VCFX8H,4746 Chestnut Rd,Glen Burnie,21704,"39.365474, -76.616769",David Wilson,James Brown,,Dispatched
IMP,Chase Bank,2015,Kia,Sorento,Green,AZ-VDM8177,FHK22GLE0NYN2HR48,9634 Broadway Rd,Glendale,86549,"33.576322, -111.974659",,John Anderson,,Stashed
BLOCKED,American Credit Acceptance,2021,Jeep,Grand Cherokee,Gray,GA-DIP9147,RJBGDE8BM1XKWGE86,4909 Chestnut Blvd,Marietta,30260,"33.715416, -84.414096",William Wilson,Sarah Johnson,"Coords 33.715416, -84.414096",Blocked
IMP,SunTrust Auto,2018,Honda,Civic,Black,MD-9VY5965,L84JW18H877L9D2T8,6289 Broadway Rd,Towson,21785,"39.365779, -76.642699",Sophia Wilson,Michael Rodriguez,,Dispatched
GPS,GM Financial,2017,Ford,F-150,Silver,MD-6NL1924,SSSWFEWHYLBXC6493,434 Chestnut St,Columbia,21325,"39.25177, -76.628037",Emily Davis,,,Blocked
DRN,Santander Consumer,2023,Toyota,Camry,Red,GA-FTJ6952,4N8EPVTDW2RFGYUE7,3536 Cedar St,Sandy Springs,30335,"33.855935, -84.37384",,Sophia Rodriguez,,Towed
BLOCKED,PNC Bank,2018,Nissan,Altima,Gray,AZ-AUW9457,M8P6U4DN06KSKW43X,3435 Walnut Rd,Phoenix,86687,"33.400466, -112.143795",James Anderson,Olivia Brown,"Coords 33.400466, -112.143795",Blocked
MI,US Bank,2015,Kia,Sorento,Black,TX-PRN-7914,CNLUJBTUMC8BDFXWE,6054 Oak Blvd,Arlington,76932,"32.906749, -96.701892",,Emily Rodriguez,,Located
BLOCKED,GM Financial,2022,Honda,Accord,Green,MD-KKS854,1S4PKGMPU53TD80HX,7043 Chestnut Ave,Towson,21987,"39.232769, -76.545303",Maria Johnson,Olivia Brown,,Blocked
GPS,Fifth Third Bank,2017,Subaru,Outback,Green,GA-WZV4926,T1W0HS51A2TWFSWPL,5296 Walnut St,Sandy Springs,30142,"33.866611, -84.294201",John Moore,James Brown,"Coords 33.866611, -84.294201",Stashed
IMP,Regions Bank,2018,Subaru,Outback,Green,GA-LNT9973,X6BDM5JA2NWXFHLSJ,6822 Cedar Blvd,Decatur,30246,"33.868376, -84.466623",Ava Brown,Sarah Johnson,,Located
DRN,Citizens Bank,2015,Chevrolet,Malibu,Black,AZ-AAR4747,F6NTLD24TKF0LHA46,2041 Maple Ave,Scottsdale,85391,"33.631118, -111.915306",Robert Thomas,Michael Rodriguez,,Located
BLOCKED,Santander Consumer,2014,Kia,Sorento,Gray,GA-NFN3391,BVTS5S06FA7JX2P14,4298 Oak St,Decatur,30287,"33.664688, -84.416784",Ava Rodriguez,Maria Thomas,,Blocked
GPS,Hyundai Capital,2022,Ford,Escape,Green,AZ-JMV7076,JCMTL98Y6JFX4KTHX,2195 Chestnut Rd,Phoenix,86532,"33.426207, -112.04947",,Maria Thomas,"Coords 33.426207, -112.04947",Located
DRN,Toyota Financial,2024,Ford,Escape,Silver,AZ-YER8208,DNKDRMC7TL64H8C5Z,8049 Chestnut Blvd,Tempe,85231,"33.596043, -111.896592",,Sarah Johnson,,Towed
BLOCKED,Ally Financial,2016,Nissan,Altima,White,MD-AQY684,M3ES8GYBVH20GXKBF,7961 Chestnut Rd,Glen Burnie,21609,"39.305021, -76.64082",James Thomas,James Brown,,Blocked
MI,GM Financial,2023,Hyundai,Elantra,Red,GA-KZB2158,1F2TMS2FBPL12VKHW,7183 Elm Ave,Sandy Springs,30185,"33.81638, -84.291987",,Sarah Rodriguez,,Located
BLOCKED,PNC Bank,2018,Toyota,Corolla,Gray,GA-TFN7979,FC9Y6RK8FV64F7WKJ,4173 Park Blvd,Roswell,30153,"33.792134, -84.362251",,Michael Rodriguez,"Coords 33.792134, -84.362251",Blocked
IMP,Bank of America,2018,Honda,Accord,Gray,MD-2YQ1266,H6MM2CF3WX65TYMPM,9996 Elm St,Baltimore,21445,"39.281531, -76.708772",,,,Stashed
BLOCKED,SunTrust Auto,2019,Jeep,Grand Cherokee,Gray,TX-WVW-7471,WFJJANHBNBP7KS4NF,7692 Pine Blvd,Irving,75865,"32.685891, -96.925185",,Olivia Brown,,Blocked
BLOCKED,Navy Federal CU,2019,Toyota,Corolla,Black,GA-BKA2682,438VC82898RDB4XEU,7855 Oak Blvd,Sandy Springs,30320,"33.884741, -84.413309",,Emily Rodriguez,"Coords 33.884741, -84.413309",Blocked
IMP,Santander Consumer,2016,Ford,F-150,Red,MD-VKT973,6JV1307LPVF7JMNL8,6915 Chestnut Rd,Baltimore,21241,"39.219792, -76.70012",Sarah Anderson,Olivia Brown,,Dispatched
BLOCKED,Ally Financial,2022,Hyundai,Elantra,White,AZ-THD4671,8TYZCUK9GD56HGGC9,2836 Oak Ave,Phoenix,86866,"33.426573, -111.945078",Emily Davis,William Lee,"Coords 33.426573, -111.945078",Blocked
DRN,BB&T Auto,2013,Subaru,Outback,White,GA-NYY1107,S7YV9LFU030SK3RJ4,6806 Chestnut Rd,Sandy Springs,30017,"33.760645, -84.307462",,William Lee,"Coords 33.760645, -84.307462",Located
MI,SunTrust Auto,2017,Toyota,Camry,Silver,MD-BUW918,V32WXZAUK25P5Z2NW,705 Park Rd,Baltimore,21400,"39.317769, -76.554589",Robert Smith,Sarah Rodriguez,,Towed
DRN,Ford Motor Credit,2013,Nissan,Altima,Blue,AZ-AAZ9846,TSW49HD0T9ZHDH5WA,5653 Maple Ave,Scottsdale,85718,"33.404721, -111.966577",William Rodriguez,John Anderson,"Coords 33.404721, -111.966577",Towed
GPS,TD Auto Finance,2018,Subaru,Outback,Blue,TX-ODE-7974,3FFD4J7P5E022T845,6930 Pine Ave,Arlington,76036,"32.714323, -96.74532",,Sophia Rodriguez,,Dispatched
GPS,American Credit Acceptance,2015,Subaru,Outback,Gray,MD-NDD478,VCKH0W0WV8BKK3DWV,3099 Chestnut St,Annapolis,21126,"39.284032, -76.695811",Daniel Martinez,Sarah Johnson,,Blocked
DRN,Navy Federal CU,2016,Ford,Escape,Blue,GA-YEQ8551,55KXF31R2YC5UFLBW,2128 Park St,Decatur,30100,"33.888792, -84.364541",Mia Moore,Olivia Brown,"Coords 33.888792, -84.364541",Dispatched
BLOCKED,Bank of America,2020,Toyota,Corolla,Black,TX-WSO-2386,X2C8BY4M3BX1TFHGL,2459 Pine Rd,Irving,76574,"32.7042, -96.878758",Michael Johnson,Sarah Rodriguez,,Blocked
GPS,Ally Financial,2021,Honda,Civic,Silver,TX-KEN-6311,T1HDNSS8991HUDX63,8032 Main Blvd,Dallas,76298,"32.74311, -96.687569",Michael Davis,Sarah Rodriguez,,Blocked
DRN,US Bank,2024,Nissan,Altima,Blue,MD-ELR272,S45CA6VLAD7UT1ZP9,845 Pine St,Columbia,21308,"39.197046, -76.56333",Sophia Garcia,Michael Rodriguez,"Coords 39.197046, -76.56333",Towed
DRN,Toyota Financial,2015,Kia,Sorento,Blue,AZ-IHV6269,YP6YBJA7AAM382FEB,2122 Cedar Blvd,Scottsdale,86695,"33.510459, -112.064637",,John Anderson,"Coords 33.510459, -112.064637",Stashed
IMP,Santander Consumer,2019,Toyota,Camry,Silver,MD-WLG192,WRR80CU8PAN2HU98L,3274 Broadway Ave,Towson,21067,"39.291751, -76.553346",,Emily Rodriguez,,Located
MI,PNC Bank,2023,Honda,Accord,Green,TX-VRO-1032,4DX43UH680CRDU35X,6520 Maple Rd,Dallas,75168,"32.917627, -96.713468",,Sarah Rodriguez,"Coords 32.917627, -96.713468",Stashed
MI,TD Auto Finance,2018,Subaru,Outback,Black,TX-APN-1393,YTSG7SYDYSE5G5HFD,6283 Cedar St,Dallas,76603,"32.714435, -96.676692",Michael Garcia,John Anderson,,Located
GPS,Chase Bank,2022,Ford,Escape,Gray,AZ-MMD7735,RA6164GYB6YNGGAEN,2164 Park Rd,Tempe,85728,"33.447352, -111.946382",,Sarah Rodriguez,,Stashed
MI,Wells Fargo,2024,Ford,F-150,Black,TX-JSR-3385,K7WYV0AKDS9D4ZNNN,5695 Maple Blvd,Dallas,76423,"32.866797, -96.825757",,James Brown,"Coords 32.866797, -96.825757",Located
MI,Regions Bank,2016,Ford,Escape,Gray,AZ-HAU4654,R6PS7Y1P2MA0AEZBH,4860 Chestnut Ave,Mesa,86293,"33.50499, -111.932064",,Olivia Brown,,Located
MI,Ally Financial,2015,Nissan,Altima,Silver,MD-1FI2657,BJ1HYPW6S00L4EHKJ,3240 Park Blvd,Annapolis,21712,"39.251109, -76.584095",David Martinez,,"Coords 39.251109, -76.584095",Located
MI,GM Financial,2024,Honda,Civic,Blue,TX-HBU-5588,J98PF7EL919086MX0,8018 Chestnut Blvd,Garland,75550,"32.83692, -96.769425",,Maria Thomas,"Coords 32.83692, -96.769425",Towed
MI,Navy Federal CU,2015,Nissan,Altima,White,MD-LIR186,JFV5ZRC69Y4564308,4573 Walnut St,Columbia,21184,"39.263921, -76.654219",,Emily Rodriguez,,Dispatched
GPS,Ford Motor Credit,2020,Chevrolet,Malibu,Blue,MD-9GK4221,YTWUNJTAWVZ22A79K,3828 Maple Ave,Glen Burnie,21486,"39.224407, -76.586729",Maria Garcia,Emily Rodriguez,,Located
DRN,Chase Bank,2019,Subaru,Outback,Silver,GA-GOO1493,0JJWA8ZYR342WXBCJ,5510 Broadway Blvd,Marietta,30197,"33.701051, -84.402341",,Michael Rodriguez,,Located
IMP,GM Financial,2013,Toyota,Corolla,Silver,TX-VRF-1525,8BMNE1VPRVE6D0ALX,6507 Pine St,Arlington,75265,"32.824842, -96.822177",Maria Lee,Maria Thomas,,Stashed
IMP,Citizens Bank,2015,Ford,F-150,Silver,TX-QWV-8519,UNAK5E2SY866CFV6Z,6507 Broadway Ave,Irving,75851,"32.747266, -96.683012",Olivia Brown,James Brown,"Coords 32.747266, -96.683012",Located
GPS,GM Financial,2022,Kia,Sorento,White,GA-URJ2093,P83H0EG9X35LTP9C6,1299 Chestnut Blvd,Atlanta,30177,"33.836489, -84.286057",,Sarah Rodriguez,,Dispatched
DRN,US Bank,2013,Chevrolet,Malibu,Red,MD-9VH8171,J7ULLBGMVH2LEAUK5,3015 Maple St,Columbia,21915,"39.308258, -76.664605",,,"Coords 39.308258, -76.664605",Stashed
GPS,Navy Federal CU,2023,Kia,Sorento,Silver,MD-LHG193,B3BAYNERGLLC39GXX,3205 Broadway Ave,Towson,21957,"39.282924, -76.512826",John Davis,Sarah Rodriguez,,Towed
GPS,Ally Financial,2017,Toyota,Camry,Silver,TX-OHC-5562,0CEP3W8GLTGX1JYMX,1206 Cedar St,Arlington,76247,"32.926268, -96.831859",John Davis,John Anderson,,Dispatched
MI,Capital One,2021,Honda,Accord,Red,TX-HXN-4990,FDJ08VNK1PCS5YJUX,8633 Walnut Rd,Dallas,76538,"32.686397, -96.700512",,James Brown,,Located
MI,TD Auto Finance,2020,Nissan,Altima,Black,TX-OUA-2058,8ENDKPJFMPS9F46WL,4112 Walnut Ave,Plano,76241,"32.747222, -96.885834",Daniel Martinez,Michael Rodriguez,,Towed
DRN,Chase Bank,2024,Chevrolet,Malibu,Gray,TX-NQT-8101,K7B14FWKMT16W6V17,5559 Pine Blvd,Dallas,75401,"32.721776, -96.917423",,Michael Rodriguez,,Dispatched
DRN,SunTrust Auto,2018,Toyota,Corolla,Gray,AZ-NBD7304,LN4TZ980D14SS7C0B,4381 Broadway Blvd,Mesa,86934,"33.538373, -112.110999",Michael Rodriguez,Olivia Brown,"Coords 33.538373, -112.110999",Dispatched
IMP,Chase Bank,2013,Honda,Civic,Green,TX-NFN-5143,W91W3FGZKUP2WAL8A,1244 Walnut Blvd,Dallas,76341,"32.757852, -96.837787",Maria Anderson,James Brown,,Dispatched
MI,American Credit Acceptance,2014,Subaru,Outback,White,TX-FGB-3993,NT35GLFVF1HUEYBS7,1751 Main St,Arlington,75545,"32.882986, -96.977615",Sophia Thomas,William Lee,,Towed
IMP,Capital One,2015,Toyota,Camry,Blue,MD-6TN6514,0YXS021DZYGA62JBH,4678 Maple Rd,Towson,21463,"39.297487, -76.571636",,Sophia Rodriguez,,Towed
GPS,Regions Bank,2015,Jeep,Grand Cherokee,Black,GA-VOH8938,2FZ47G1VNK9CJ8FW6,7411 Oak Blvd,Marietta,30341,"33.785167, -84.439161",,John Anderson,,Stashed
MI,Capital One,2018,Toyota,Camry,Red,MD-VPV226,J8FYREY114RRTHVFH,5674 Broadway Ave,Baltimore,21763,"39.358981, -76.589704",William Brown,Michael Rodriguez,,Dispatched
DRN,Capital One,2021,Kia,Sorento,Red,AZ-NKY6980,JRG2A6XKVR86KVKCX,8330 Oak Rd,Glendale,86737,"33.547283, -112.032601",,James Brown,"Coords 33.547283, -112.032601",Located
DRN,Wells Fargo,2023,Chevrolet,Malibu,Gray,GA-WXB3933,82WLB2Y47Z22EVVN2,2244 Cedar St,Atlanta,30365,"33.726019, -84.336342",Sarah Moore,,,Located
MI,US Bank,2019,Subaru,Outback,Silver,GA-LXS2670,K14LDGZ7MDH9Y4K2S,2046 Maple Blvd,Atlanta,30252,"33.725672, -84.350961",Sarah Moore,,,Located
IMP,Chase Bank,2024,Subaru,Outback,Red,GA-LAD2910,FH89RB7UGM174WJGX,8906 Pine Blvd,Atlanta,30360,"33.654937, -84.360985",,Michael Rodriguez,,Stashed
BLOCKED,GM Financial,2020,Toyota,Camry,Green,GA-FTW3948,A5XHCJPLFTCFH9W0L,101 Maple Rd,Sandy Springs,30025,"33.886554, -84.370139",Maria Johnson,,"Coords 33.886554, -84.370139",Blocked
BLOCKED,Regions Bank,2021,Ford,F-150,Gray,GA-WDV1732,SCNKWPJPZUJ4ETT1L,7572 Oak Rd,Sandy Springs,30348,"33.756336, -84.326371",Daniel Anderson,James Brown,,Blocked
DRN,Santander Consumer,2023,Jeep,Grand Cherokee,Silver,MD-KZN488,BSEUHH3EYF0YUKRUA,6279 Maple Blvd,Baltimore,21975,"39.199951, -76.515616",,Sophia Rodriguez,,Towed
BLOCKED,Bank of America,2024,Ford,Escape,Gray,AZ-TDB3797,X1MZ27JTA9KJK1UD0,6952 Chestnut Ave,Mesa,85899,"33.645186, -111.920536",,,,Blocked
DRN,TD Auto Finance,2020,Kia,Sorento,Red,AZ-CUC2256,SFLDFV8A49J789H2A,3215 Main Blvd,Tempe,86439,"33.487014, -112.079229",,William Lee,"Coords 33.487014, -112.079229",Stashed
MI,Toyota Financial,2019,Ford,Escape,White,MD-NPM274,0HYSHVW7VTPA2PW9C,8099 Main Rd,Glen Burnie,21007,"39.296951, -76.641004",,William Lee,,Located
DRN,SunTrust Auto,2023,Hyundai,Elantra,White,MD-9EN3029,8AKTR720W04MUG55L,5895 Walnut St,Annapolis,21368,"39.347879, -76.561064",Robert Wilson,William Lee,,Located
DRN,Citizens Bank,2014,Honda,Civic,Gray,AZ-VID7899,88JX291JHGBJKZ9AS,5705 Walnut St,Phoenix,85890,"33.468068, -112.101222",,Sarah Johnson,,Located
MI,Toyota Financial,2021,Nissan,Altima,White,GA-WHV8031,N7G9MNKRHJ2CUNK4B,3370 Oak St,Decatur,30196,"33.751824, -84.423389",,Maria Thomas,"Coords 33.751824, -84.423389",Located
GPS,American Credit Acceptance,2017,Nissan,Altima,Gray,TX-DIL-5596,Z3SXDMCADXPV7UG4M,8149 Cedar Rd,Irving,75624,"32.710113, -96.759247",,Michael Rodriguez,"Coords 32.710113, -96.759247",Towed
BLOCKED,BB&T Auto,2017,Hyundai,Elantra,Red,TX-GSM-2429,GJHCNN5GEYW7NKCJN,9119 Elm Rd,Arlington,76833,"32.778823, -96.772145",,James Brown,,Blocked
BLOCKED,Toyota Financial,2019,Toyota,Camry,Gray,GA-JBS1996,N289EL59112UPMALP,245 Park Blvd,Decatur,30259,"33.826939, -84.368732",Olivia Brown,Sarah Johnson,,Blocked
GPS,Ford Motor Credit,2023,Chevrolet,Malibu,Silver,TX-JBU-3427,UJUDSPHAZ0XFTJ3VX,270 Cedar Ave,Dallas,76497,"32.940611, -96.921677",John Anderson,Emily Rodriguez,"Coords 32.940611, -96.921677",Located
DRN,SunTrust Auto,2023,Subaru,Outback,Red,MD-HKI308,2K5R40K7F8M6MMN8M,444 Elm Ave,Columbia,21907,"39.21377, -76.627219",Olivia Anderson,,"Coords 39.21377, -76.627219",Stashed
IMP,TD Auto Finance,2013,Ford,F-150,Gray,MD-ZAT202,11BHACJSFUKAAGYFN,7971 Broadway Blvd,Annapolis,21836,"39.210997, -76.640331",Maria Moore,Michael Rodriguez,,Stashed
GPS,Ford Motor Credit,2023,Honda,Accord,Silver,MD-7EA4675,BR41KZVR1H8LHRGVZ,5567 Oak Rd,Baltimore,21946,"39.355693, -76.692191",,Sarah Rodriguez,,Located
BLOCKED,Regions Bank,2018,Ford,F-150,Blue,TX-TJL-2702,U80TEAKKXK157EH4U,1581 Cedar Ave,Plano,75373,"32.887235, -96.863639",,,,Blocked
MI,Regions Bank,2018,Subaru,Outback,Blue,GA-RRP9724,R1F3RFS0APB07JHDZ,2383 Elm Blvd,Roswell,30075,"33.858813, -84.362125",,Emily Rodriguez,"Coords 33.858813, -84.362125",Stashed
GPS,TD Auto Finance,2015,Nissan,Altima,Green,GA-MXA7958,0DGE7LBK0KFSEA3KM,2395 Park Rd,Sandy Springs,30242,"33.752881, -84.415666",Maria Moore,Sarah Johnson,"Coords 33.752881, -84.415666",Blocked
GPS,Wells Fargo,2013,Chevrolet,Malibu,White,MD-7VO5227,9WR4LUF1JP2DR2ME6,5231 Walnut Blvd,Glen Burnie,21169,"39.190388, -76.63199",Daniel Lee,Sarah Johnson,,Towed
BLOCKED,BB&T Auto,2013,Toyota,Camry,Black,AZ-FRD2070,PAWNNCSUFC7CDXFWA,4726 Walnut Ave,Glendale,85645,"33.563145, -111.946009",,John Anderson,"Coords 33.563145, -111.946009",Blocked
GPS,Toyota Financial,2018,Hyundai,Elantra,Red,MD-1JF3482,6FFRPKL9Y5JYV04C1,3521 Broadway St,Annapolis,21982,"39.208956, -76.578164",,Sarah Johnson,,Towed
BLOCKED,Fifth Third Bank,2024,Ford,F-150,Green,MD-5FC5589,0ZFEM6T7T5JH8C0V2,2213 Chestnut Rd,Glen Burnie,21525,"39.340519, -76.510071",,Olivia Brown,,Blocked
BLOCKED,Wells Fargo,2019,Honda,Accord,Silver,GA-EDJ7157,L2ER16FZ666GFMG24,6678 Cedar St,Marietta,30164,"33.735606, -84.348908",Ava Johnson,Sarah Rodriguez,,Blocked
BLOCKED,Wells Fargo,2016,Toyota,Camry,Gray,GA-KSB7230,D047PDPB4UTMFKEU2,4987 Chestnut Blvd,Atlanta,30270,"33.703526, -84.276732",David Rodriguez,Olivia Brown,,Blocked
MI,Fifth Third Bank,2018,Toyota,Camry,Silver,MD-ZFW547,Z1ANEKXXAK6K8XH3T,160 Chestnut Ave,Towson,21650,"39.265372, -76.506414",,John Anderson,,Located
MI,Ford Motor Credit,2015,Subaru,Outback,Gray,TX-GVS-1235,00BWW9H8633ZZ4YHM,7118 Cedar Ave,Arlington,76133,"32.840621, -96.800888",Sarah Martinez,Michael Rodriguez,,Towed
GPS,Hyundai Capital,2016,Jeep,Grand Cherokee,Red,GA-TND9133,G59CV3PR61HN7HZ63,224 Cedar Ave,Sandy Springs,30261,"33.720901, -84.280098",Maria Rodriguez,William Lee,,Located
GPS,Citizens Bank,2015,Jeep,Grand Cherokee,Black,GA-KFS8045,S2N2D4J1M2XL4RGJ9,9552 Walnut Rd,Atlanta,30285,"33.689763, -84.419399",,Sarah Rodriguez,,Located
